{
    "e": 1.602176634e-19,
    "me": 9.10938356e-31,
    "mi": 6.64647312e-27,
    "k": 1.380649e-23,
    "k_B_eV": 8.617333262e-5,
    "mu0": 1.2566370614359173e-6,
    "eps0": 8.8541878128e-12
}