{
    "e": 1.602176634e-19,
    "m_e": 9.10938356e-31,
    "kb": 1.380649e-23,
    "mu0": 1.2566370614359173e-6,
    "epsilon0": 8.8541878128e-12
}